{
  "FormatVersion": "0.24",
  "Properties": {
    "AppCreationSource": "AppFromScratch",
    "AppDescription": "Administrative dashboard for managing Icons of IO Awards nominations, scoring, and reviewer assignments",
    "AppName": "Icons of IO - Admin Dashboard",
    "Author": "Icons of IO Awards Team",
    "BackgroundColor": "RGBA(255, 255, 255, 1)",
    "DocumentLayoutHeight": 1080,
    "DocumentLayoutLockOrientation": false,
    "DocumentLayoutMaintainAspectRatio": false,
    "DocumentLayoutOrientation": "landscape",
    "DocumentLayoutScaleToFit": true,
    "DocumentLayoutWidth": 1920,
    "EnableInstrumentation": false,
    "FileID": "00000000-0000-0000-0000-000000000002",
    "Id": "00000000-0000-0000-0000-000000000002",
    "InstrumentationKey": "",
    "LocalConnectionReferences": "{}" ,
    "LocalDatabaseReferences": "{}",
    "Name": "Icons of IO - Admin Dashboard",
    "OriginatingVersion": "1.0.0.0"
  },
  "Header": {
    "DocVersion": "1.330",
    "MinVersionToLoad": "1.330"
  },
  "PublishInfo": {
    "AppName": "Icons of IO - Admin Dashboard",
    "BackgroundColor": "RGBA(255, 255, 255, 1)",
    "IconColor": "RGBA(255, 255, 255, 1)",
    "IconName": "Edit",
    "LogoFileName": "",
    "PublishDataLocally": false,
    "PublishResourcesLocally": false,
    "PublishTarget": "player",
    "UserLocale": "en-US"
  },
  "ScreenOrder": [
    "MainDashboard",
    "NominationsScreen", 
    "NominationDetailsScreen",
    "ReviewersScreen",
    "BulkActionsScreen"
  ]
}