{
  "FormatVersion": "0.24",
  "Properties": {
    "AppCreationSource": "AppFromScratch",
    "AppDescription": "Leadership interface for final selection and award decisions on shortlisted Icons of IO Awards nominations",
    "AppName": "Icons of IO - Final Selection",
    "Author": "Icons of IO Awards Team",
    "BackgroundColor": "RGBA(248, 249, 250, 1)",
    "DocumentLayoutHeight": 1080,
    "DocumentLayoutLockOrientation": false,
    "DocumentLayoutMaintainAspectRatio": false,
    "DocumentLayoutOrientation": "landscape",
    "DocumentLayoutScaleToFit": true,
    "DocumentLayoutWidth": 1920,
    "EnableInstrumentation": false,
    "FileID": "00000000-0000-0000-0000-000000000004",
    "Id": "00000000-0000-0000-0000-000000000004",
    "InstrumentationKey": "",
    "LocalConnectionReferences": "{}",
    "LocalDatabaseReferences": "{}",
    "Name": "Icons of IO - Final Selection",
    "OriginatingVersion": "1.0.0.0"
  },
  "Header": {
    "DocVersion": "1.330",
    "MinVersionToLoad": "1.330"
  },
  "PublishInfo": {
    "AppName": "Icons of IO - Final Selection",
    "BackgroundColor": "RGBA(248, 249, 250, 1)",
    "IconColor": "RGBA(255, 255, 255, 1)",
    "IconName": "Trophy",
    "LogoFileName": "",
    "PublishDataLocally": false,
    "PublishResourcesLocally": false,
    "PublishTarget": "player",
    "UserLocale": "en-US"
  },
  "ScreenOrder": [
    "SelectionDashboard",
    "ShortlistScreen",
    "DetailedReviewScreen",
    "CategoryReviewScreen",
    "FinalizationScreen"
  ]
}